Month,all fuels (utility-scale) thousand megawatthours,coal thousand megawatthours,natural gas thousand megawatthours,nuclear thousand megawatthours,conventional hydroelectric thousand megawatthours,wind thousand megawatthours,all solar thousand megawatthours,petroleum liquids thousand megawatthours,petroleum coke thousand megawatthours,other gases thousand megawatthours,all utility-scale solar thousand megawatthours,geothermal thousand megawatthours,biomass thousand megawatthours,wood and wood-derived fuels thousand megawatthours,other biomass thousand megawatthours,hydro-electric pumped storage thousand megawatthours,other thousand megawatthours,small-scale solar photovoltaic thousand megawatthours
Dec 2022,363624.58257,73164.12069,141137.63611,69094.147,21870.06448,39282.36741,10533.92877,3815.32988,785.48835,1042.95074,7032.68994,1563.6476,4515.40189,3113.6095,1401.79239,-554.333,875.07148,3501.23883
Nov 2022,322958.83812,56169.75355,126944.16353,62041.287,18764.33935,41826.24681,12336.27439,937.27001,627.72717,964.07536,8484.29415,1468.89924,4365.03479,3004.3505,1360.68429,-495.12,860.86715,3851.98024
Oct 2022,314110.95176,54071.14987,133024.80631,58945.383,14638.18031,32824.49128,17041.81706,990.09851,573.79724,985.07552,12251.95176,1344.27536,4057.32244,2647.08738,1410.23506,-434.352,838.77216,4789.8653
Sep 2022,350722.26042,64816.58584,156285.99518,63733.186,16812.16309,27031.99474,18785.90551,996.33411,622.82527,1048.87927,13504.3642,1412.08405,4212.65242,2871.3687,1341.28372,-597.956,843.15224,5281.54131
Aug 2022,412709.72597,84999.51346,189196.94891,68896.917,21713.13799,24354.65788,20351.71528,1022.2068,564.10159,1020.18639,14441.75648,1442.28181,4776.52563,3350.80208,1425.72355,-639.609,921.10103,5909.9588
Jul 2022,424013.4453,86263.23707,190437.28585,68856.919,24192.81754,29302.23022,21906.84005,1004.35633,482.38737,1133.47697,15749.44486,1438.13038,4945.92456,3477.84117,1468.08339,-768.422,975.65714,6157.39519
Jun 2022,380648.53749,73286.9791,156241.69198,65715.42,26892.27841,33482.6975,21998.1736,912.1531,664.94222,998.05721,16057.5899,1363.39753,4679.14139,3238.96126,1440.18013,-589.065,943.25416,5940.5837
May 2022,342215.44199,62224.6456,127713.78371,63381.62449,23071.36486,41667.50913,21144.59812,861.28757,666.83773,1060.84259,15198.48441,1383.9602,4492.62509,3051.91688,1440.70821,-466.746,959.22263,5946.11371
Apr 2022,303323.60424,55023.36789,105729.11262,55289.54,19572.91049,45960.4019,18884.58478,745.48868,496.43519,913.63033,13475.8951,1332.82663,4108.18846,2730.89749,1377.29097,-265.226,941.03296,5408.68968
Mar 2022,324771.62302,60742.51529,111806.06629,63153.701,25356.17477,43014.32896,16798.14342,966.41648,462.5918,896.36042,11897.85297,1376.1118,4446.31632,3012.22373,1434.09259,-317.508,970.6949,4900.29045
Feb 2022,326930.70654,70745.91462,115537.94864,61852.177,22903.50039,37984.32481,12909.68662,1021.03379,624.87277,836.96839,9333.09651,1310.36567,4300.70069,2980.97168,1319.72901,-412.258,892.06128,3576.59011
Jan 2022,377106.44154,87485.14361,135409.06699,70576.875,26212.55012,38080.39835,11418.15516,3002.40438,536.69168,983.96521,8170.89297,1566.02685,4558.29537,3089.18251,1469.11286,-493.31,1017.441,3247.26219
Dec 2021,337161.75396,60024.59585,127643.88434,70719.837,23561.87556,39849.02762,9061.0693,968.57341,591.31342,929.51962,6090.86526,1484.38893,4670.07209,3133.58848,1536.48361,-445.116,1072.91688,2970.20404
Nov 2021,314254.44634,57312.86533,122490.94882,62749.318,19373.24966,35751.09063,11054.16073,887.2629,783.01384,870.79062,7795.101,1365.54138,4283.17944,2890.03537,1393.14407,-377.48,969.56471,3259.05973
Oct 2021,318754.23482,62572.1427,131860.42719,56944.505,17132.93623,32215.11144,13088.99226,894.73182,654.85506,1062.11614,9268.03855,1318.78667,4275.13376,2835.16419,1439.96957,-426.772,982.22226,3820.95371
Sep 2021,347711.72348,78876.84017,138181.35126,64520.031,17022.26652,28997.8029,15584.01297,950.94211,638.03491,984.18791,11214.24963,1343.18057,4442.07531,3005.47035,1436.60496,-433.843,974.60421,4369.76334
Aug 2021,412885.74893,101854.5988,172735.43574,69471.331,20328.14723,27071.12204,16891.19396,1198.38657,746.60468,1030.5131,11966.82782,1336.9274,4784.21246,3314.67231,1469.54015,-669.751,1031.39311,4924.36614
Jul 2021,405648.92394,101536.5367,170213.70162,68831.593,22097.51226,21715.55151,17384.07738,883.33058,680.53821,1046.38737,12191.6812,1350.66167,4744.99804,3248.11556,1496.88248,-684.75,1041.18178,5192.39618
Jun 2021,373872.07215,87264.60172,149390.48061,66070.373,23454.07921,26671.53368,17303.9438,932.3241,453.23488,973.79693,12196.77663,1277.26265,4557.32064,3087.72548,1469.59516,-375.57,1005.85811,5107.16717
May 2021,320174.39174,63872.72048,114668.74836,63394.115,23308.96396,33786.50791,17519.84666,835.67811,533.94187,914.34588,12457.16045,1334.50728,4480.55076,2966.3967,1514.15406,-416.186,1003.33768,5062.68621
Apr 2021,293322.38853,53956.13351,107430.33045,57092.024,19388.82781,36157.80676,15502.04998,802.27577,422.17961,870.92859,10891.71409,1287.7257,4250.48517,2784.98826,1465.49691,-197.219,969.17609,4610.33589
Mar 2021,311376.97121,61903.96388,106998.67385,63708.238,21220.43408,39205.24802,13454.48883,790.78172,644.96806,860.14684,9296.18165,1241.81021,4682.23945,3108.43261,1573.80684,-235.581,1059.86645,4158.30718
Feb 2021,323899.40694,87470.49993,111183.5473,62954.16,20136.50917,26715.50092,9269.54941,1587.92634,660.31305,819.63878,6330.40705,1287.22154,4258.10208,2859.18182,1398.92026,-425.07,920.65079,2939.14236
Jan 2021,349240.77275,81239.77891,126563.42846,71732.463,24560.04066,30060.4714,8309.06463,933.27199,701.65033,1034.86547,5559.24502,1346.75302,4823.85643,3228.9015,1594.95493,-424.346,1109.29406,2749.81961
Dec 2020,344523.41279,78587.62866,127863.17223,69870.978,21507.84718,32010.64517,7580.39219,940.13392,750.75964,999.39612,5091.42256,1402.81632,4697.59141,3148.15711,1549.4343,-367.521,1168.54258,2488.96963
Nov 2020,301402.9637,61182.18639,109810.78026,61759.977,20892.65917,33129.4051,8453.28574,799.50087,612.03774,949.81772,5766.51939,1398.78914,4403.98036,2951.33396,1452.6464,-369.222,1066.53258,2686.76635
Oct 2020,313703.43883,59804.58904,131412.57892,59362.465,18810.4061,28822.66268,10395.32693,876.47313,350.67214,917.74663,7085.18487,1287.56105,4329.22473,2840.22226,1489.00247,-423.243,1067.11754,3310.14206
Sep 2020,333493.03669,68406.74534,141397.45495,65727.317,18678.80991,23185.97755,11453.82366,755.06805,438.94776,1012.92354,7732.32157,1288.00469,4378.30545,2895.42614,1482.87931,-524.729,1015.88989,3721.50209
Aug 2020,398535.59244,91145.41119,173644.41702,68982.187,23283.5577,23029.3319,13513.9375,886.91215,787.40975,1093.53891,9315.42156,1323.0241,4720.75114,3159.94069,1560.81045,-783.638,1107.26802,4198.51594
Jul 2020,409871.25996,89709.48262,181568.06361,69385.44,26741.77947,22866.19821,15015.04895,914.10259,837.22397,937.32744,10609.77315,1331.28691,4563.63234,3022.17972,1541.45262,-685.626,1092.57565,4405.2758
Jun 2020,351967.18981,65283.16993,143055.42341,67205.083,27999.3837,30212.40523,13923.04582,817.51953,800.75603,866.53771,9654.00577,1274.12148,4279.30334,2822.90766,1456.39568,-498.931,1018.41168,4269.04005
May 2020,304836.8258,46526.62632,117185.64596,64337.97,29976.16051,28377.50536,13920.70376,691.13279,610.28554,884.25788,9653.40589,1362.26852,4508.32457,2918.80247,1589.5221,-366.733,1089.97549,4267.29787
Apr 2020,279846.21376,40675.20198,110563.81511,59170.016,23194.35466,29752.22898,11736.47773,625.7111,613.70786,802.06192,7920.7291,1378.9473,4401.40268,2843.80127,1557.60141,-325.03,1073.06708,3815.74863
Mar 2020,309869.69613,50730.62847,126186.58013,63997.21,23823.01748,29319.78293,9773.50166,690.99021,704.14849,1047.38361,6349.64464,1465.16841,4816.67716,3170.13766,1646.5395,-353.064,1091.5286,3423.85702
Feb 2020,319698.10627,56201.46779,128017.92848,65910.574,25868.06177,29110.49454,8184.13587,749.0634,540.08594,1152.06374,5561.4092,1230.17768,4632.17367,3119.95305,1512.22062,-246.677,971.28306,2622.72667
Jan 2020,342019.10952,65139.75937,136083.77995,74169.646,24497.85718,28121.41138,6771.41485,915.08513,633.28743,1155.42276,4458.87743,1147.5314,4980.24957,3326.08096,1654.16861,-376.791,1092.99293,2312.53742
Dec 2019,338536.1584,72580.73606,131973.42828,73073.575,21478.18136,26643.83983,5499.8331,988.1003,462.94444,1107.31772,3453.07527,1182.89427,4988.30064,3355.04425,1633.25639,-529.314,1133.07923,2046.75783
Nov 2019,315897.35204,75549.33857,117958.72597,64125.425,20217.59733,25184.35888,6591.54593,898.9982,333.34383,1046.53603,4363.99289,983.53162,4662.30017,3136.84318,1525.45699,-508.775,1081.97855,2227.55304
Oct 2019,320517.64482,66777.23093,131113.37797,62032.622,18305.81291,27624.5193,8925.99468,941.87975,199.93353,923.96425,6093.46647,1141.0516,4636.33257,3062.93881,1573.39376,-372.614,1100.06754,2832.52821
Sep 2019,360759.56925,85706.69196,149938.13228,66063.58,18525.75999,24513.46786,10022.19806,923.09095,580.75673,1111.96999,6817.21992,1367.61198,4740.4414,3210.84468,1529.59672,-671.214,1142.0602,3204.97814
Aug 2019,401731.65456,94039.70636,175270.24757,71910.684,22578.66752,19978.03073,11487.90701,1047.2504,683.97319,1147.35058,7876.55371,1393.1524,5174.33767,3538.62048,1635.71719,-579.012,1210.71243,3611.3533
Jul 2019,410364.89139,100770.78542,172281.64499,72198.595,24875.39844,22100.72207,11892.78073,1003.96205,790.80456,1185.36237,8132.64079,1375.35966,5115.29049,3498.40912,1616.88137,-622.347,1156.67256,3760.13994
Jun 2019,353239.3549,78539.50426,138087.41868,68804.879,28077.76308,22445.97049,11575.14488,956.57272,562.90323,1009.04108,7971.09298,1328.26327,4740.05515,3158.71323,1581.34192,-385.296,1101.18697,3604.0519
May 2019,330660.82267,71884.62525,117296.64899,67123.546,31982.04155,25779.38696,10710.6803,936.55146,737.39587,1054.01235,7161.89697,1341.83562,4614.42421,3050.61864,1563.80557,-368.281,1116.73845,3548.78333
Apr 2019,296952.61144,59922.45969,104348.63205,60580.927,27820.1768,28915.30603,9997.2463,781.94026,400.68709,947.68212,6752.27638,1254.00337,4316.74516,2807.17521,1509.56995,-103.221,1014.99649,3244.96992
Mar 2019,326903.25259,78351.61989,116059.14624,65079.691,26333.98533,25772.67842,8812.88461,816.19286,573.90075,1085.54793,5898.62563,1422.49852,4841.23103,3216.63766,1624.59337,-408.942,1077.07698,2914.25898
Feb 2019,315281.73224,79929.40881,112397.15916,64714.894,22880.53778,22622.75342,5894.64724,814.83039,691.97318,947.63357,3835.77281,1292.57815,4539.96277,3042.25273,1497.71004,-388.719,1002.94722,2058.87443
Jan 2019,359728.83511,100904.7043,121808.27731,73700.844,24797.80842,24301.4495,5483.40662,1412.68237,800.07459,1024.67624,3580.20841,1389.93655,5137.53199,3465.28412,1672.24787,-323.009,1193.65044,1903.19821
Dec 2018,342292.23263,100318.60014,109955.09663,71657.288,22797.16131,24306.28369,4884.51281,966.24203,794.77772,1120.49864,3109.63979,1446.08137,5203.34022,3404.05372,1799.2865,-522.071,1139.2941,1774.87302
Nov 2018,322466.03384,92818.59372,108265.01201,63954.37,21912.71643,22015.7339,5648.04713,1005.52022,655.61307,1045.11949,3742.76491,1330.84363,4987.86562,3263.57095,1724.29467,-342.707,1074.58785,1905.28222
Oct 2018,325070.15013,87263.62736,123280.44647,59396.905,19548.19092,21193.89801,7361.46637,1014.53529,562.17332,1016.00199,4969.69097,1273.09029,4959.33007,3215.94376,1743.38631,-492.202,1084.46247,2391.7754
Sep 2018,356557.95968,96543.99239,142085.1857,64724.753,19165.6208,18519.67063,8635.23462,1054.89646,799.13237,1104.35846,5960.90148,1327.90769,4870.17395,3280.61644,1589.55751,-603.113,1004.47976,2674.33314
Aug 2018,408352.1497,115129.45572,162000.63402,72282.467,22016.90536,19846.43699,9712.3077,1047.29781,879.4082,1301.00239,6695.40796,1367.05504,5387.32078,3629.80164,1757.51914,-747.235,1145.99343,3016.89974
Jul 2018,411616.68565,115376.37644,165075.42624,72456.009,25099.52896,16446.57439,9901.29598,988.45058,912.55752,1171.61965,6754.8758,1369.6113,5499.48729,3749.45617,1750.03112,-644.469,1110.63752,3146.42018
Jun 2018,372145.08425,101503.42674,131085.72296,69687.556,27597.48847,24702.85593,10473.77801,1066.26764,834.30011,1091.25976,7414.66701,1299.83478,5190.74362,3470.74859,1719.99503,-433.324,1104.28525,3059.111
May 2018,339228.26158,85227.3,115564.6383,67320.248,30444.28385,23953.12766,9860.22196,1040.29757,516.50757,1167.26417,6849.01231,1382.62025,5083.27688,3351.71509,1731.56179,-390.083,1069.76803,3011.20965
Apr 2018,301056.94542,73346.00643,98671.58527,59133.155,28115.15452,26430.85718,8796.43825,872.49843,665.78094,1098.51108,6056.72671,1187.93664,4827.56757,3101.86989,1725.69768,-376.898,1028.06366,2739.71154
Mar 2018,321765.18971,80625.66254,106742.01587,67032.656,25860.604,26463.70391,7490.19618,829.70515,642.13482,1158.37002,5056.23832,1366.75303,5369.20589,3547.44236,1821.76353,-489.962,1108.10218,2433.95786
Feb 2018,307057.65745,82050.18241,98675.2857,64790.03,24902.25758,23189.48924,5662.7551,803.93414,753.69955,1092.12141,3896.41408,1274.09258,4951.01487,3234.95066,1716.06421,-315.144,994.2799,1766.34102
Jan 2018,373379.35268,119284.11471,110441.98208,74649.04,25064.07663,25598.8222,4938.335,5555.29925,964.59787,1096.6219,3318.97521,1341.30742,5502.59686,3685.98967,1816.60719,-547.331,1109.24955,1619.35979
Dec 2017,350563.35929,106545.36665,111553.28604,73699.572,22247.84164,22200.68098,4506.85847,1958.20163,737.12166,1095.02378,3035.00469,1380.90954,5629.51145,3733.61332,1895.89813,-655.925,1136.76423,1471.85378
Nov 2017,308188.6823,90986.33924,95072.30676,66617.853,19888.33402,22614.8668,4769.85448,914.62724,755.23122,1001.04105,3208.74868,1304.68441,5230.92637,3426.08503,1804.84134,-478.107,1071.83053,1561.1058
Oct 2017,318731.20109,89775.52365,106895.19912,65994.785,17698.17945,24368.70291,6639.60775,973.3093,572.03618,998.16655,4649.67321,1214.12407,5031.11592,3303.26294,1727.85298,-462.982,1023.36773,1989.93454
Sep 2017,336003.83612,98202.04611,118131.70524,68097.918,19151.75538,17911.77474,7284.82088,931.18977,711.84724,1059.44268,5059.44137,1331.50304,4994.29649,3291.75095,1702.54554,-606.081,1026.99705,2225.37951
Aug 2017,384837.27633,119488.38491,141307.8281,72384.218,22033.85574,13878.84827,7848.17288,968.43419,764.67242,1133.2602,5368.53677,1362.99613,5575.45969,3750.56837,1824.89132,-638.234,1209.01591,2479.63611
Jul 2017,404537.00981,127697.82032,147041.80253,71314.219,26598.24651,16119.99604,8123.75179,920.16782,889.42612,1047.48826,5569.10622,1372.704,5526.6754,3702.89598,1823.77942,-759.494,1198.8516,2554.64557
Jun 2017,358630.10216,107508.32219,117351.49285,67010.782,30575.29559,20141.74696,8602.15011,991.37188,901.49215,992.97613,6115.379,1283.74953,5233.53099,3437.01072,1796.52027,-567.516,1091.47888,2486.77111
May 2017,323494.02168,92776.54135,98074.11624,61312.753,32607.11514,23067.63856,8208.21502,969.91291,847.08176,1055.75167,5785.02726,1301.85842,5038.25016,3188.45369,1849.79647,-423.168,1081.14321,2423.18776
Apr 2017,295461.51816,81335.3131,88562.36959,56743.352,29409.46563,25377.94296,7101.80352,859.65312,431.01533,1001.36048,4906.67802,1341.22069,4888.06589,3146.37597,1741.68992,-438.729,1043.81035,2195.1255
Mar 2017,319469.28011,89364.62027,95214.19971,65093.2,29613.19463,25730.61672,6486.54205,956.48727,699.0077,1060.24753,4514.08465,1387.18475,5303.37095,3455.80207,1847.56888,-521.035,1054.10094,1972.4574
Feb 2017,291112.63811,86822.18986,82836.97484,63560.371,23881.76459,22091.10927,4135.35386,868.83817,723.04468,977.64447,2751.19905,1238.87247,4882.63976,3185.52143,1697.11833,-507.911,985.90096,1384.15481
Jan 2017,344413.96966,115332.80828,95661.24708,73120.612,26627.88134,20798.77101,3570.01671,1101.91257,943.86291,1046.56389,2323.98616,1406.96716,5399.56907,3502.17798,1897.39109,-435.366,1085.15419,1246.03055
Dec 2016,345389.34354,118746.8419,96416.06528,71662.429,22527.76456,23145.52474,3590.66861,1166.03851,869.36773,1037.46174,2423.52344,1453.88363,5559.9408,3615.44862,1944.49218,-752.869,1133.37122,1167.14517
Nov 2016,297065.26075,86940.46241,93950.8325,65178.776,18808.26528,19405.64211,4023.9887,1070.37857,798.6936,1013.32614,2767.14449,1363.84969,5282.47073,3391.22211,1891.24862,-606.895,1092.31423,1256.84421
Oct 2016,312939.72788,99193.94367,102897.98607,60733.343,17338.85654,20335.38978,4743.28769,936.61507,634.76234,913.24353,3191.22418,1353.16742,4869.18666,3176.08278,1693.10388,-560.77,1102.77963,1552.06351
Sep 2016,351560.04384,114137.76825,125683.45081,65448.176,16367.68403,16403.64017,5370.44767,946.13586,979.99866,1020.32852,3635.06928,1326.67585,5163.99418,3407.35783,1756.63635,-715.35,1162.47225,1735.37839
Aug 2016,409861.38602,135634.73331,154926.02521,71526.405,19569.54914,13589.32615,5910.82805,1257.56542,1077.89722,1063.9224,3969.18623,1324.26364,5582.54517,3722.23578,1860.30939,-902.068,1242.03512,1941.64182
Jul 2016,412043.3651,136316.43397,151716.16396,70349.347,21455.32093,17618.35712,5945.07716,1272.71474,1048.83453,1076.85183,3944.79289,1311.2153,5498.1061,3657.69796,1840.40814,-783.894,1219.12075,2000.28427
Jun 2016,367903.54176,116034.38414,131522.99713,67175.324,23236.86739,16303.4413,5401.26493,972.19923,1004.58983,1043.21891,3473.49784,1251.39266,5208.02896,3413.56266,1794.4663,-497.303,1174.90338,1927.76709
May 2016,316866.99237,81694.51025,110518.5333,66576.493,25486.38143,18847.89867,5304.17484,984.3906,973.76323,1053.31653,3425.18345,1341.84042,5096.13847,3187.12753,1909.01094,-320.717,1189.26001,1878.99139
Apr 2016,292986.59764,72112.8619,98973.7993,62731.845,25878.02878,20799.30345,4582.61853,832.99966,1006.0502,1132.00071,2879.68187,1208.96984,4778.48938,2967.00477,1811.48461,-451.878,1104.44557,1702.93666
Mar 2016,304427.42189,72172.52681,103933.12256,66148.894,27389.8772,21939.40933,4142.59215,874.26186,926.7932,1197.35327,2617.45225,1315.15866,5212.05091,3402.83315,1809.21776,-384.067,1084.58884,1525.1399
Feb 2016,313816.4003,92704.80797,98688.19908,65638.141,24139.01548,20138.2278,3386.13613,1299.20355,910.09911,1061.55823,2241.56342,1243.38381,5114.69319,3406.39038,1708.30281,-398.558,1036.06568,1144.57271
Jan 2016,352713.71943,113459.37975,110043.74673,72524.775,25614.54233,18466.40151,2465.40732,1395.75127,965.702,1194.84991,1485.80182,1332.00609,5394.8135,3600.26359,1794.54991,-311.758,1147.70755,979.6055
Dec 2015,324536.1236,89495.07284,109892.10285,69633.664,23165.56195,20098.37277,2483.85893,947.54537,749.39846,1109.8178,1569.89498,1376.98847,5556.64649,3587.39081,1969.25568,-280.702,1221.75963,913.96395
Nov 2015,300779.39425,87227.13603,102368.84183,60263.941,19337.83088,19681.71564,2711.70957,994.58397,715.30363,901.6693,1729.6613,1333.62825,5319.81655,3417.87318,1901.94337,-285.276,1190.54187,982.04827
Oct 2015,312210.41568,96758.50415,110109.75303,60570.921,16630.40155,16380.03853,3107.28733,944.53178,826.66066,906.47772,1909.57979,1323.03223,5095.37129,3252.21575,1843.15554,-443.327,1198.47096,1197.70754
Sep 2015,350190.22629,117985.6322,123110.83138,66476.372,16094.1224,13971.56651,3546.77556,1006.21885,1028.08673,1210.1203,2217.1241,1202.86145,5255.82833,3450.34084,1805.48749,-544.042,1175.50403,1329.65146
Aug 2015,392241.71845,134670.3089,139215.8854,72415.352,19122.10511,13080.02756,4155.60157,1092.74186,1040.46485,1195.57794,2687.55324,1344.14271,5709.66874,3788.24122,1921.42752,-625.878,1293.76814,1468.04833
Jul 2015,400534.56759,139099.86855,141241.24634,71412.176,21014.22144,13675.44937,4113.74514,1200.80032,1103.37931,1235.44328,2627.06355,1356.72712,5795.25661,3806.47852,1988.77809,-513.417,1286.35271,1486.68159
Jun 2015,362493.0664,125673.11366,121567.81122,68516.165,20414.084,13421.26619,3965.61172,1039.98424,820.51271,1117.6088,2557.5982,1301.60767,5280.18087,3496.10312,1784.07775,-397.811,1180.94484,1408.01352
May 2015,322189.10137,104584.52668,101624.6975,65826.525,20125.4156,17151.34131,3897.98556,1017.19831,921.57624,1098.72535,2504.14881,1390.15094,5136.56389,3337.80784,1798.75605,-370.209,1178.44074,1393.83675
Apr 2015,294177.18729,88989.1425,92855.54624,59784.495,22470.97723,17867.14921,3642.64641,918.52707,809.15508,979.33349,2379.11811,1272.42782,4975.66122,3246.40512,1729.2561,-214.411,1090.06534,1263.5283
Mar 2015,324313.51714,108487.53856,99550.14498,64546.799,24280.90476,15307.92894,3205.83426,1061.37309,717.11809,1090.60128,2072.25703,1393.99435,5169.12747,3456.8391,1712.28837,-409.305,1045.03457,1133.57723
Feb 2015,334595.61098,126976.83198,91440.16871,63461.493,22286.07601,14921.54534,2299.31836,5220.63559,1099.98573,1024.97999,1483.55386,1260.09914,4896.11784,3371.94187,1524.17597,-456.06,980.18381,815.7645
Jan 2015,360452.84324,132450.52066,101690.97336,74269.974,24138.3839,15162.14633,1901.79647,1927.3721,1045.59461,1246.34298,1155.35063,1361.91486,5441.6381,3716.86817,1724.76993,-551.05,1113.68171,746.44584
Dec 2014,337952.98061,124620.11616,91040.2099,73362.548,22328.78862,14711.24947,1797.81256,946.64528,1148.52065,1152.96969,1031.74441,1374.99931,5503.46543,3736.56465,1766.90078,-479.861,1211.58471,766.06815
Nov 2014,317491.36447,119127.43937,84355.8568,65140.185,18624.92296,18866.92881,2171.44148,963.23459,774.81392,1073.45459,1379.63993,1362.46919,5198.43712,3507.91896,1690.51816,-531.042,1155.02421,791.80155
Oct 2014,314518.00875,111295.95754,97684.69687,62390.988,17159.21225,14507.93111,2681.80098,908.45906,609.27168,1082.25805,1716.92302,1345.09102,5148.50536,3422.22924,1726.27612,-447.609,1116.32379,964.87796
Sep 2014,339882.6659,126110.38461,106583.6804,67534.5,16074.32674,11519.76842,2878.62126,929.40248,1019.06374,1126.36882,1832.26056,1307.51933,5233.80905,3462.22556,1771.58349,-541.876,1153.45775,1046.3607
Aug 2014,384336.56063,148451.62333,122350.00526,71128.746,19807.24668,10170.52076,3018.61669,1013.8688,1036.44057,1135.13447,1879.48203,1329.20881,5641.59721,3761.24103,1880.35618,-840.357,1233.04371,1139.13466
Jul 2014,385775.44987,149627.05758,115083.44611,71940.126,24357.40238,12187.39242,2936.22665,992.39618,1049.74706,1068.64164,1787.69886,1319.57192,5749.52146,3807.42376,1942.0977,-544.656,1157.10426,1148.52779
Jun 2014,357840.17847,137576.92149,98469.55616,68138.232,25743.87767,15798.81712,3023.8867,889.16106,1131.43279,968.67537,1923.32588,1293.37505,5448.61124,3622.27121,1826.34003,-653.046,1111.23864,1100.56082
May 2014,324719.30714,118785.80061,89120.78275,62947.43,26543.88511,15601.36684,2841.66641,959.86942,1084.08955,944.39748,1749.65461,1332.36081,5138.92347,3289.75941,1849.16406,-600.752,1111.49849,1092.0118
Apr 2014,297628.2622,109280.59165,76784.84902,56384.588,25439.90661,18635.54917,2475.52102,911.13938,842.05719,854.18754,1487.09725,1313.53464,5039.62463,3230.04629,1809.57834,-378.109,1033.24613,988.42377
Mar 2014,331820.9692,136442.60132,78154.34115,62397.08,24257.12925,17735.8829,2224.12366,2001.90874,1185.97837,865.60006,1317.09371,1337.66565,5460.03626,3609.0941,1850.94216,-421.403,1087.05479,907.02995
Feb 2014,324347.01617,143294.48747,75945.20996,62638.95,17396.12893,14008.66045,1498.82093,1847.01409,915.79102,817.23564,834.9922,1206.12975,4951.0412,3264.60283,1686.43837,-445.152,936.52747,663.82873
Jan 2014,377251.37842,157097.36861,91062.48197,73162.609,21633.79467,17911.21433,1375.15155,5913.28271,1158.27321,932.86268,751.11873,1355.01553,5475.87154,3626.34817,1849.52337,-289.685,1087.17043,624.03282
Dec 2013,353021.24773,141859.66537,92936.2913,71293.578,21128.29918,13967.05881,,1438.38285,1012.94137,1006.02826,850.02134,1365.61949,5443.18314,3606.08465,1837.09849,-420.673,1140.85162,
Nov 2013,314539.64185,120939.72975,84286.78492,64975.456,17676.83384,15803.25968,,989.3213,850.41296,1060.37259,824.35218,1230.48105,5172.37492,3407.00532,1765.3696,-413.042,1143.30466,
Oct 2013,314925.46247,120996.39294,88587.40151,63183.533,17198.59414,13635.01809,,944.53169,1073.9038,1071.51753,987.53341,1363.49926,5071.49199,3340.97487,1730.51712,-372.598,1184.64312,
Sep 2013,340940.90155,133110.43729,102063.23334,65798.971,16961.1523,11674.08115,,964.42726,1221.75457,1086.62745,948.77866,1299.29966,5069.15671,3353.38915,1715.76756,-438.55,1181.53218,
Aug 2013,385285.74515,149426.0529,121156.39696,71344.379,21633.31561,9633.88368,,1076.01032,1372.48899,1143.06632,944.09174,1322.43644,5481.49394,3634.03354,1847.4604,-464.51,1216.63924,
Jul 2013,394845.6208,152866.8527,120770.9808,70539.238,27254.5715,11093.61355,,1458.10513,1354.20122,1148.25346,828.84727,1336.88222,5333.46338,3536.19697,1797.26641,-340.468,1201.07959,
Jun 2013,356822.64723,138283.21603,99615.06431,66429.69,27384.06656,13748.10576,,1034.72402,1307.3457,1047.53121,870.68502,1278.25447,5057.18859,3330.23073,1726.95786,-358.223,1124.99857,
May 2013,322155.64042,119512.5,83815.59186,62848.155,28450.09411,16238.70213,,1066.72061,1344.86706,1087.93974,752.70649,1307.7114,4955.13728,3173.93377,1781.20351,-334.035,1109.54975,
Apr 2013,299332.86831,111834.68254,78036.43182,56766.882,25097.10474,17476.27429,,994.54149,890.92112,1019.72593,666.73879,1274.15826,4543.67663,2863.13892,1680.53771,-292.192,1023.92269,
Mar 2013,325398.83402,130633.56036,84725.25919,62947.389,20534.35802,15755.65337,,990.30728,1006.72942,1070.05242,619.39901,1378.21628,5056.91953,3299.77208,1757.14745,-462.214,1143.20416,
Feb 2013,309728.08,123546.80484,80283.07377,61483.385,20418.46514,14075.59068,,1129.97674,867.10917,968.22642,432.64262,1236.23527,4585.91838,3083.02823,1502.89015,-319.58,1020.23199,
Jan 2013,348967.37792,138104.82108,88559.05007,71405.817,24828.52759,14738.50426,,1732.98124,1041.73846,1143.59583,309.82386,1381.88028,5088.02202,3399.74873,1688.27329,-464.948,1097.56423,
Dec 2012,334634.74915,134078.90757,83989.0974,68583.669,22984.35228,14523.51758,,1235.42749,800.18142,962.63047,348.77212,1390.24919,5138.13515,3364.82689,1773.30826,-576.268,1176.07747,
Nov 2012,305975.85101,128727.0657,80169.46107,56712.757,18733.31916,11648.4968,,986.20887,823.58209,875.49499,347.27595,1347.05171,4874.30736,3190.29969,1684.00767,-408.96803,1139.79835,
Oct 2012,311651.9307,120999.33876,91725.37056,59743.218,16501.69662,12635.90112,,1060.91739,743.97822,894.95831,431.42698,1329.1492,4828.69928,3112.87857,1715.82071,-378.21324,1135.48951,
Sep 2012,334585.56266,125588.60805,108012.30069,64510.882,17603.96419,8789.86546,,978.29125,881.9381,903.67038,458.10265,1299.9828,4853.55514,3227.46567,1626.08947,-430.5438,1134.94575,
Aug 2012,395699.74917,152181.05516,131735.86442,69602.111,23033.72581,8469.41899,,1202.22391,915.74282,1049.94021,461.41088,1303.83863,5095.82593,3370.2786,1725.54733,-528.9121,1177.5035,
Jul 2012,414641.21748,160450.26253,138862.84998,69129.329,26491.04579,8823.083,,1530.53308,809.34421,1042.02643,509.51028,1320.64784,5073.07175,3351.84698,1721.22477,-618.9742,1218.48779,
Jun 2012,360825.3809,131261.03605,115597.50323,65140.085,26657.66222,11972.15949,,1306.10129,762.02863,972.41042,527.06764,1277.48031,4692.71841,3081.18859,1611.52982,-506.74058,1165.86879,
May 2012,336516.15597,115982.64658,107351.81228,62081.445,28641.31224,12540.32427,,1078.4832,651.24738,1002.13579,462.59684,1303.9955,4590.99863,2937.31562,1653.68301,-370.7776,1199.93588,
Apr 2012,295229.20493,96285.44067,94828.59637,55870.931,26295.39842,12709.03261,,965.44819,537.7796,1057.21482,318.72331,1248.29925,4287.14083,2703.90679,1583.23404,-265.27339,1090.47325,
Mar 2012,309089.55207,105525.54678,92250.65327,61728.613,25906.63425,14027.34496,,971.20547,570.1245,1076.27159,231.22839,1285.14948,4657.45135,3033.9848,1623.46655,-280.70052,1140.02955,
Feb 2012,309389.43252,113872.04689,90609.78234,63847.023,20283.9644,11051.71417,,907.44031,994.09292,1044.2326,135.24034,1193.3295,4615.43069,3111.4547,1503.97599,-236.65968,1071.79506,
Jan 2012,339526.48011,129090.98981,90760.88378,72381.186,23107.14392,13630.85627,,1180.24823,1296.97279,1016.59907,95.31986,1263.25221,4914.83121,3313.68219,1601.14902,-348.46486,1136.66182,
Dec 2011,335740.46276,132928.71614,86121.62582,71837.372,23731.94371,10655.77473,,1178.19572,1007.43966,1005.01948,120.6536,1324.39482,5084.4918,3353.24295,1731.24885,-508.71899,1253.55427,
Nov 2011,304102.15444,121462.71077,75441.29818,64473.88,20680.52743,12438.55312,,1081.72755,700.87384,942.8562,107.36985,1271.21847,4772.2899,3087.88791,1684.40199,-457.75403,1186.60316,
Oct 2011,308698.50358,126626.97282,78819.20708,63336.97,19787.38961,10525.42896,,1114.3227,947.75333,941.06616,158.85995,1280.62826,4584.88082,2953.91094,1630.96988,-600.54202,1175.56591,
Sep 2011,337931.3176,140941.1491,91739.07009,66848.854,21377.59172,6869.0293,,1118.53975,1305.32063,1004.49555,185.71984,1225.54721,4767.55154,3178.46402,1589.08752,-583.39179,1131.84067,
Aug 2011,406511.31471,171280.53388,119855.79257,71338.566,25763.57824,7473.59402,,1294.93972,1299.36909,1087.14745,229.16273,1274.63164,5076.14908,3383.75594,1692.39314,-692.3285,1230.17877,
Jul 2011,418692.75464,176585.81965,119623.59113,72344.85,31284.63456,7488.62905,,1714.3883,1439.67826,1098.04289,191.10153,1269.03963,5051.67483,3361.93444,1689.74039,-707.66208,1308.96688,
Jun 2011,367727.015,158055.21258,90691.11156,65270.134,32151.21433,10985.06912,,1374.12474,1219.59032,1012.78786,222.77309,1214.56234,4861.71879,3230.06149,1631.6573,-567.0878,1235.80409,
May 2011,323628.23805,137101.56497,75242.79679,57012.914,32586.92609,11772.16075,,1355.79471,1022.67916,874.64129,190.66911,1317.54765,4357.52124,2794.34203,1563.17921,-416.90794,1209.93024,
Apr 2011,302400.72444,124488.2575,70028.99891,54547.338,31194.3065,12421.65683,,1458.81047,964.96645,917.53607,164.00623,1239.06347,4300.50493,2797.96143,1502.5435,-465.58881,1140.86791,
Mar 2011,318709.9409,134845.23138,65947.12043,65661.598,31134.47075,10544.64605,,1276.12369,1416.33908,945.34447,122.29961,1337.48421,4645.58194,3080.55062,1565.03132,-348.69186,1182.39316,
Feb 2011,313126.60705,138311.15723,65923.98289,64789.078,24131.22605,10451.5619,,1217.28048,1216.87903,807.47474,85.29854,1215.00579,4363.70054,2937.02878,1426.67176,-412.64867,1026.61055,
Jan 2011,362871.89295,170802.67931,74254.33381,72742.813,25531.09446,8550.4948,,1902.14337,1554.96503,929.78817,39.78157,1346.94451,4804.76459,3289.92624,1514.83835,-659.19352,1071.28385,
Dec 2010,362119.08129,167258.08616,77573.32016,73683.304,23169.07145,9059.29736,,2395.0238,1128.33041,951.69841,44.40122,1329.8369,4925.09884,3275.45996,1649.63888,-529.847,1131.45958,
Nov 2010,306009.62912,135185.04538,69226.55984,62655.206,19561.55003,9747.6191,,1219.80857,859.63331,907.13817,76.79539,1252.33032,4705.54273,3080.20459,1625.33814,-466.993,1079.39328,
Oct 2010,307920.69056,132269.83506,77738.33651,62750.833,17682.97635,7943.80761,,1220.95125,1006.60577,807.93546,75.43584,1221.9998,4549.83355,3002.77009,1547.06346,-437.7,1089.84037,
Sep 2010,346045.17182,148745.67169,93004.17649,69371.195,17265.20646,7105.5022,,1675.06012,1107.62165,953.69152,137.58114,1252.56923,4731.7579,3157.07055,1574.68735,-421.284,1116.42243,
Aug 2010,408884.15537,177745.32008,121151.26856,71574.103,20119.23218,6685.85505,,2418.53603,1156.92561,1060.90942,156.39274,1296.91198,4960.91685,3318.72602,1642.19083,-600.278,1158.06188,
Jul 2010,409725.44035,179600.4991,114624.20192,71913.468,24516.76133,6723.89118,,2970.25821,1441.12614,963.07006,161.38151,1273.61621,4948.24761,3308.17437,1640.07324,-557.093,1146.0121,
Jun 2010,375759.47838,165491.48889,92268.43063,68301.32156,29853.82693,8049.02142,,2655.98851,1333.2633,964.2837,176.0529,1263.67554,4720.47045,3093.70551,1626.76494,-471.738,1153.39257,
May 2010,327936.49155,143272.49362,73665.43824,66658.365,25079.21697,8697.52487,,1850.89495,1143.12505,1017.21356,153.17199,1310.54838,4469.57738,2892.94844,1576.62894,-440.745,1059.66655,
Apr 2010,287800.22656,126951.88534,64644.025,57611.073,19096.66257,9764.45598,,1219.50842,1066.84228,942.62498,112.2794,1240.25113,4490.24238,2932.09503,1558.14735,-335.277,995.6531,
Mar 2010,312167.64032,144405.63319,63430.66033,64634.721,20885.6628,8589.07682,,1272.15985,1198.05236,1009.67461,75.9992,1306.59619,4681.94744,3090.27767,1591.66977,-324.588,1002.04454,
Feb 2010,319734.72667,153044.15909,66198.08,65245.37,20589.82989,5431.85793,,1251.48313,1121.61447,825.15576,32.82389,1159.03753,4276.8052,2894.56439,1382.24081,-350.643,909.15278,
Jan 2010,360957.16695,173320.16091,74172.73601,72569.341,22383.07243,6854.33658,,3186.85086,1161.34922,909.39127,9.86635,1311.83993,4628.92601,3126.16305,1502.76296,-564.946,1014.24238,
Dec 2009,350507.29527,166434.03556,71589.60705,70710.218,24729.80834,6906.05833,,1468.08459,954.17628,930.17929,21.20887,1367.90014,4765.49378,3157.81799,1607.67579,-383.487,1014.01206,
Nov 2009,296634.66996,136809.57521,63285.13196,59069.208,21007.70089,6875.18302,,1315.31373,756.97048,910.43205,40.40246,1273.26451,4621.22341,3048.91116,1572.31225,-329.53,999.79423,
Oct 2009,307040.34065,139955.57738,72602.72548,58020.927,19691.06826,6813.62592,,1814.58979,745.52322,959.78783,68.10109,1221.07897,4565.27183,3032.08616,1533.18567,-385.127,967.19089,
Sep 2009,327400.61189,137144.64798,92126.61784,65751.794,17358.71392,4650.70788,,1677.05574,1175.97492,1022.26996,94.99416,1216.78258,4561.92992,3060.66653,1501.26339,-348.039,967.162,
Aug 2009,381221.41693,163260.48308,109239.55406,72244.597,19580.41655,5464.47362,,2448.7294,1193.26569,1011.64615,116.29051,1251.21853,4958.9154,3355.13523,1603.78017,-612.532,1064.35894,
Jul 2009,372542.22554,158233.86912,101893.83251,72948.979,23384.74817,4954.94132,,2124.07288,1233.74956,966.25844,121.18827,1255.39976,4855.60072,3227.11799,1628.48273,-491.31,1060.8958,
Jun 2009,347658.24126,148086.77111,84205.18154,69734.736,29233.39456,5599.42191,,2089.74207,1153.28959,875.78664,103.41256,1208.79898,4555.84905,2997.45172,1558.39733,-226.41,1038.26725,
May 2009,311305.87215,131673.05752,68145.64662,65395.452,29559.65512,6261.9611,,2052.68618,1156.02059,772.67616,110.42463,1235.18623,4256.89578,2734.67679,1522.21899,-348.823,1035.03322,
Apr 2009,289537.25513,125934.97312,61158.67362,59408.407,25769.8074,7457.69602,,1658.29202,1148.3303,757.87503,99.41608,1222.10396,4206.70716,2664.37142,1542.33574,-272.198,987.17143,
Mar 2009,310602.96381,135530.3278,68202.74331,67240.567,21827.45353,7099.06292,,2088.84828,1260.45324,834.47352,78.10689,1300.33544,4472.02643,2918.93479,1553.09164,-314.985,983.55045,
Feb 2009,300887.39769,140915.78476,62138.85332,64227.211,17812.03175,5852.17501,,2267.04019,1050.6996,783.97894,30.44374,1167.77893,4180.28042,2822.82744,1357.45298,-413.424,874.54406,
Jan 2009,354992.63621,171925.15034,66390.11321,74102.489,23490.29569,5950.82465,,4967.62648,1135.97979,806.74254,7.19014,1288.80999,4492.54031,3030.14106,1462.39925,-501.48,936.35406,
Dec 2008,343898.25447,167785.73046,64363.64603,72931.328,20861.49062,6615.89854,,3257.01879,1136.85986,753.18471,18.68738,1261.01304,4494.47787,2988.13125,1506.34662,-497.946,916.86518,
Nov 2008,310046.2412,154281.19798,61454.19852,63408.145,15667.93401,4993.64564,,2191.08432,1154.07672,720.9507,28.8477,1233.29176,4526.68843,3077.3951,1449.29333,-489.183,875.36342,
Oct 2008,318547.34311,151840.71519,73283.33855,62820.353,15469.94246,4756.40094,,1943.14125,1342.98901,806.07814,60.24348,1276.85526,4553.56921,3063.95253,1489.61668,-496.943,890.65962,
Sep 2008,338056.12999,161356.34732,79136.02998,67053.867,16178.19232,3111.45182,,2990.07066,1180.92408,822.95267,92.59686,1233.68699,4485.8149,3059.17108,1426.64382,-517.254,931.44939,
Aug 2008,388986.71877,180576.49295,99673.49348,72617.066,21229.2774,3264.40615,,2547.14033,1263.68862,1146.94431,105.28212,1272.71475,4871.94514,3342.44952,1529.49562,-647.864,1066.13154,
Jul 2008,402900.33624,186733.45633,100320.87805,74318.27,25555.08636,4008.40059,,2982.58689,1174.0127,1174.39984,110.87812,1278.75428,4935.17737,3326.75191,1608.42546,-799.08,1107.51572,
Jun 2008,373109.02691,171043.27903,84619.97663,70319.366,29177.42712,5140.3764,,3707.2276,1254.73982,1132.18873,128.16363,1260.30195,4615.99477,3114.10554,1501.88923,-371.618,1081.60322,
May 2008,325244.80192,154915.90135,62270.44712,64825.901,27221.14742,5340.28392,,2342.99412,1054.93348,1043.99122,98.74413,1258.91536,4401.88608,2926.97762,1474.90846,-586.857,1056.51372,
Apr 2008,305865.03122,146983.02391,63046.09796,57332.716,22233.93205,5225.28203,,2274.40158,1126.0617,1021.23029,94.14084,1218.1213,4433.45656,2929.93775,1503.51881,-131.7,1008.26701,
Mar 2008,324629.84959,160743.24304,62170.57985,64716.468,21668.93847,4782.01995,,2112.22753,1039.27242,1049.45203,74.59967,1250.80095,4595.668,3123.21608,1472.45192,-552.974,979.55367,
Feb 2008,325105.5971,166666.35479,60042.0118,65130.385,18788.8861,3851.7487,,2438.12292,1231.22126,972.33248,35.8416,1086.68291,4374.48685,3010.02584,1364.46101,-451.129,938.6517,
Jan 2008,362998.42904,182875.5043,72599.9011,70734.57,20779.13078,4273.1854,,3131.41753,1366.3988,1063.17076,16.28927,1208.83801,4744.44648,3337.73883,1406.70765,-745.514,951.09062,
Dec 2007,346290.33052,173829.86553,66807.82797,71982.726,18341.67452,3490.23188,,2802.90062,1412.27055,1022.30963,5.40157,1265.90932,4791.23987,3339.03718,1452.20269,-565.382,1103.35506,
Nov 2007,314102.5426,159382.45455,60636.79925,64899.278,15682.053,3095.03643,,2001.45161,1135.01549,1031.21207,24.30171,1210.97304,4698.44883,3273.31802,1425.13081,-661.727,967.24564,
Oct 2007,332615.41638,162234.35613,78358.02381,61689.542,14796.43375,3376.54028,,3558.35696,1188.51717,1133.54941,49.23269,1264.54625,4671.2486,3245.60059,1425.64801,-760.235,1055.30435,
Sep 2007,355393.91186,169391.27283,88531.61471,67578.578,14742.53418,2866.72155,,3647.26729,1288.51825,1119.73545,68.21225,1217.72635,4689.9664,3289.76167,1400.20473,-743.432,995.1966,
Aug 2007,421796.65927,190134.81633,121338.42663,72750.91,19940.55104,2699.36469,,5701.55704,1485.06436,1131.65,75.16342,1254.57757,4865.57397,3426.03512,1439.53885,-650.678,1069.68222,
Jul 2007,393226.43225,185053.78761,97482.67572,72738.535,22477.76053,2158.37244,,4125.2084,1368.58676,1154.12728,85.79293,1250.38243,4876.69166,3433.63521,1443.05645,-594.694,1049.2055,
Jun 2007,362754.87722,173512.88404,81511.45079,68923.074,22816.60812,2620.41645,,4213.35391,1563.69097,1153.69057,84.45828,1238.17806,4605.87644,3213.44072,1392.43572,-522.707,1033.90259,
May 2007,330202.75802,157513.28116,66469.7005,65024.555,26046.97643,2952.34063,,3489.21301,1384.23038,1174.57314,84.19176,1154.70788,4429.74687,3081.02653,1348.72034,-546.955,1026.19628,
Apr 2007,303129.0636,146249.54121,60152.84758,57301.424,23890.58301,3171.70315,,3830.21239,1250.07723,1163.09222,54.46434,1157.97515,4308.85969,3055.23878,1253.62091,-373.845,972.12865,
Mar 2007,320471.24253,159811.07388,56203.82094,64305.153,24163.45595,3047.09243,,4118.28714,1297.35634,1233.89052,48.48795,1204.12967,4478.76549,3105.69542,1373.07007,-458.17,1017.89924,
Feb 2007,323230.39483,163602.81256,57622.07125,65224.794,18566.63325,2519.79285,,7596.2205,1287.45366,981.40486,19.24445,1122.48999,4215.34033,3015.12684,1200.21349,-446.964,919.10115,
Jan 2007,353531.09477,175739.4377,61474.53193,74006.184,26044.71053,2452.31464,,4420.48901,1573.67882,1154.11886,12.84165,1295.61731,4906.81987,3536.10795,1370.71192,-571.563,1021.91347,
Dec 2006,336283.2459,173508.95112,56128.18599,70489.681,21595.95122,2471.68958,,3104.79224,1465.66845,1068.34811,2.71328,1290.05196,4740.07264,3357.66128,1382.41136,-667.323,1084.46331,
Nov 2006,309158.82642,159439.51728,53439.69272,61392.321,20271.72257,2540.48864,,3354.81767,1392.0451,1064.60122,15.68648,1207.43844,4540.75278,3181.93091,1358.82187,-552.544,1052.28651,
Oct 2006,321567.09131,161389.65914,70640.03895,57509.306,17055.17699,2442.12988,,3354.24077,1538.36894,1185.39225,32.28346,1275.22675,4545.05352,3212.56903,1332.48449,-506.995,1107.20966,
Sep 2006,332055.32084,161590.35416,72673.34798,66642.327,17201.46086,1879.14378,,3043.47939,1601.8931,1152.88373,53.99022,1219.45836,4567.80154,3260.16943,1307.63211,-628.94,1058.12071,
Aug 2006,407762.53636,189454.92967,106591.66595,72016.095,21728.3537,1655.18688,,6571.2996,1788.39533,1291.59171,82.99316,1288.95901,4866.8014,3477.91332,1388.88808,-694.881,1121.14596,
Jul 2006,410420.79333,187820.87151,108093.51438,72186.494,25439.39237,1955.06423,,5120.68729,1881.39068,1267.28377,61.65591,1261.35243,4843.37433,3444.30914,1399.06519,-637.767,1127.47943,
Jun 2006,364259.79756,169693.4782,81060.20993,68391.472,29757.28409,2051.76563,,4060.09234,1706.35326,1167.06688,69.70207,1199.17681,4461.80887,3133.7702,1328.03867,-423.163,1064.55048,
May 2006,330615.57003,157009.75508,65585.60534,62775.701,30818.44294,2458.6826,,2901.98106,1517.9062,1295.44408,70.73512,1095.60204,4410.65037,3039.29585,1371.35452,-444.378,1119.4422,
Apr 2006,297858.07754,141426.23364,56090.85628,57567.204,28555.68297,2471.76225,,3039.43632,1650.71851,1180.02159,52.07432,1129.0892,4207.01943,2980.11613,1226.9033,-587.331,1075.31003,
Mar 2006,318729.79961,161325.11525,54921.74189,63720.849,24624.60881,2358.63174,,2406.84382,1606.6201,1233.51274,33.40385,1261.29007,4545.72836,3201.38797,1344.34039,-435.173,1126.627,
Feb 2006,307333.43003,158616.18891,47408.9894,62615.654,24761.68318,1921.95844,,3256.77507,1666.65215,1113.77361,19.53284,1110.81709,4321.71,3051.35954,1270.35046,-446.518,966.21334,
Jan 2006,328657.73849,169236.08057,43806.92078,71911.532,27436.65597,2382.63335,,4245.7326,1890.22401,1156.88819,12.9353,1229.56684,4809.8474,3421.61326,1388.23414,-532.829,1071.55049,
Dec 2005,348101.07055,177965.17958,53992.60122,71735.067,22141.15675,1827.81389,,11206.57941,1826.5925,1062.28709,2.79342,1256.87987,4668.51401,3338.47745,1330.03656,-678.17506,1093.78087,
Nov 2005,306115.23623,158797.52701,49440.22594,62912.709,19352.66779,1609.69148,,5199.14046,1668.3017,965.18977,12.7552,1219.61037,4480.05995,3189.8503,1290.20965,-554.2095,1011.56706,
Oct 2005,316397.92361,162436.79301,55940.88089,61235.597,18006.36026,1446.18982,,8385.09832,1792.87305,1080.0674,37.66515,1247.2035,4450.98592,3245.60966,1205.37626,-611.20958,949.41887,
Sep 2005,350217.80051,171656.21549,73355.48269,66738.979,17363.68401,1468.34696,,10452.12894,1827.02153,1145.27623,61.1077,1222.65936,4541.79003,3258.783,1283.00703,-680.14366,1065.25224,
Aug 2005,404940.68107,187573.75443,100786.65435,71381.55,21565.67882,1138.03152,,12413.62667,2113.89229,1171.81137,75.84548,1253.78501,4768.43982,3420.41437,1348.02545,-623.0971,1320.7084,
Jul 2005,402273.84646,186090.75719,96819.41031,71070.011,25956.84152,1420.94183,,11038.50851,1994.73421,1160.88207,72.32901,1272.69735,4798.6719,3417.44487,1381.22703,-624.66248,1202.72402,
Jun 2005,363671.63602,174866.99726,75635.49254,66144.275,26782.98993,1796.92435,,8740.41563,2043.44351,1149.1396,88.47625,1248.05606,4502.63919,3173.50483,1329.13436,-414.6149,1087.40161,
May 2005,315062.10994,153957.96154,54826.00402,62970.464,27278.51096,1746.42955,,4823.02614,1890.89235,1191.30332,81.15271,1264.30849,4451.84893,3100.69679,1351.15214,-466.25415,1046.46208,
Apr 2005,289562.39987,143083.23903,52016.28598,55484.01,23058.35863,1697.5037,,5272.94654,1679.20601,1121.45859,58.26325,1187.13448,4258.08834,3035.54666,1222.54168,-337.53828,983.44359,
Mar 2005,317458.27645,163612.7005,51896.97271,61538.53,22936.06749,1560.62565,,6472.38527,1879.51516,1214.48693,38.15709,1204.25234,4565.64594,3287.71741,1277.92853,-496.88857,1035.82594,
Feb 2005,298500.31558,155818.01413,44912.61665,60946.934,21606.77394,966.48178,,5574.51635,1739.99395,1076.05054,13.08154,1063.01417,4178.70245,3055.29504,1123.40741,-345.60763,949.74373,
Jan 2005,343121.45336,177013.90662,51337.62707,69828.239,24272.16485,1131.5685,,10261.23399,1928.9444,1126.19059,8.66754,1252.14421,4611.42317,3333.07625,1278.34692,-725.38707,1074.7305,
Dec 2004,341947.96342,176755.20145,51309.56547,68616.627,26210.71849,1172.00867,,8197.2041,1903.2766,1204.86796,7.75776,1256.00857,4588.56499,3301.61455,1286.95044,-649.768,1375.93036,
Nov 2004,302101.2562,157435.99421,49693.03398,58940.863,20937.04438,932.203,,5270.17006,1604.26829,1215.59538,15.34157,1212.01288,4332.14219,3074.16534,1257.97685,-664.846,1177.43328,
Oct 2004,312450.22288,157605.0954,57228.81399,62530.352,18862.7954,1028.87272,,5927.79314,1738.40839,1268.63542,33.52109,1276.3491,4512.01023,3263.62313,1248.3871,-703.186,1140.76202,
Sep 2004,335622.19789,164252.92334,67853.99334,65932.057,20525.26137,1089.61523,,7070.2581,1606.86725,1340.97603,60.63169,1188.38333,4357.93361,3119.41557,1238.51804,-769.637,1112.9346,
Aug 2004,368439.03706,178181.34259,77820.68835,71068.483,21591.96742,1050.71885,,9184.66583,1893.46788,1290.01531,72.846,1257.16271,4645.90899,3317.35079,1328.5582,-817.999,1199.76914,
Jul 2004,377331.69713,181491.82062,79290.02224,71975.04,23318.27953,1164.37009,,10336.62513,1761.16692,1284.03439,82.10253,1277.53072,4743.05442,3416.47224,1326.58218,-693.449,1301.09955,
Jun 2004,345085.07883,167641.90627,64685.66904,67734.073,25252.34503,1397.20574,,9184.84892,1656.56661,1333.2615,87.876,1224.70242,4388.35316,3082.52886,1305.8243,-718.404,1216.67513,
May 2004,327380.26364,157016.37723,62021.80807,64917.412,24019.71812,1701.65148,,8511.14429,1724.78582,1302.44235,81.77573,1207.53632,4348.38313,2989.1925,1359.19063,-688.911,1216.1401,
Apr 2004,290559.91417,141470.95622,51821.98826,58620.255,20887.97481,1294.8568,,7400.40308,1641.41182,1345.23234,56.90189,1161.38416,4382.14268,3091.00435,1291.13833,-668.89,1145.29713,
Mar 2004,308812.09552,154288.41916,49801.1869,63285.116,22914.28123,1291.224,,8098.08336,1633.75959,1291.70035,52.92945,1241.00414,4415.43476,3124.11746,1291.3173,-653.318,1152.27459,
Feb 2004,314279.90954,161503.09216,50319.87478,64101.949,20913.61671,1021.56897,,7701.04802,1664.77272,1193.54286,10.86173,1214.12345,4242.66708,3019.53798,1223.1291,-691.561,1084.35306,
Jan 2004,346545.62699,180657.42054,48253.37213,70806.16,22983.30588,999.44521,,13508.61138,1925.44938,1182.12678,12.60957,1294.77675,4580.85785,3317.86061,1262.99724,-768.241,1109.73254,
Dec 2003,331680.43,176291.473,44034.895,68611.699,24044.33,1104.881,,8039.851,1665.55,1440.613,4.251,1267.837,4690.10501,3274.77,1415.33501,-660.749,1145.69299,
Nov 2003,297866.711,158223.194,45327.919,59600.02,19715.265,961.432,,4938.633,1540.898,1451.497,14.031,1151.237,4403.93331,3118.975,1284.95831,-695.409,1234.05969,
Oct 2003,306740.933,159322.942,51824.169,60016.207,18428.423,897.161,,6969.911,1640.311,1291.247,35.436,1195.451,4419.6395,3138.891,1280.7485,-615.06,1315.0955,
Sep 2003,323135.534,164910.002,59089.943,63583.645,18480.455,895.054,,7114.339,1549.201,1309.402,55.857,1203.498,4382.54547,3079.38,1303.16547,-769.142,1330.73453,
Aug 2003,381816.319,185331.823,83249.694,69023.878,22972.03,815.429,,10836.052,1642.158,1284.07,61.992,1219.447,4693.18061,3309.866,1383.31461,-805.987,1492.55139,
Jul 2003,374396.05,181852.318,76938.278,69652.754,24843.095,953.396,,10541.883,1658.961,1292.084,62.407,1227.969,4765.31141,3361.136,1404.17541,-745.14,1352.73259,
Jun 2003,328693.698,162284.63,54452.951,64180.727,28586.3,1047.144,,9534.075,1465.488,1235.341,90.682,1222.791,4317.51494,3027.763,1289.75194,-762.338,1038.39106,
May 2003,307544.887,150262.977,49372.963,62201.96,29395.256,1006.383,,6840.638,1212.083,1309.998,67.962,1168.695,4229.6085,2928.286,1301.3225,-596.848,1073.2115,
Apr 2003,285755.699,141959.981,45195.383,56775.591,24758.962,1092.766,,7313.636,1267.017,1304.549,60.309,1166.455,4354.20332,3035.915,1318.28832,-545.625,1052.47168,
Mar 2003,304317.265,155001.775,46699.026,59933.261,24202.273,1036.104,,9346.787,875.596,1266.782,50.02709,1212.859,4419.67104,3080.074,1339.59704,-777.512,1050.61596,
Feb 2003,299248.777,156982.481,43546.573,60941.869,19779.86,745.375,,9740.466,1030,1131.543,17.83027,1130.352,4068.096,2904.744,1163.352,-758.887,893.218,
Jan 2003,341988.901,181313.153,50175.746,69211.084,20600.079,632.34,,11517.652,1124.455,1282.894,13.21701,1257.64,4597.27824,3269.296,1327.98224,-802.368,1065.73176,
Dec 2002,324833.705,172189.765,46100.393,68905.472,21668.54,755.194,,6859.153,1252.453,1025.279,4.307,1236.391,4500.99833,3222.474,1278.52433,-679.52,1015.27967,
Nov 2002,296289.561,156053.655,45160.876,61520.324,19730.029,655.946,,5173.562,1113.174,894.161,28.175,1189.364,4376.16259,3161.172,1214.99059,-666.344,1060.47641,
Oct 2002,307059.46,159099.294,54200.82,60493.052,17171.334,734.355,,6909.679,1206.3,907.601,30.956,1235.076,4558.80984,3345.97,1212.83984,-680.998,1193.18116,
Sep 2002,331279.434,165366.309,68161.131,64480.79,17086.782,735.828,,6670.143,1405.207,1053.312,52.608,1195.081,4598.40016,3312.99,1285.41016,-776.518,1250.36084,
Aug 2002,374585.819,179955.447,84476.867,70777.688,21083.924,976.691,,8193.733,1543.129,1116.718,74.925,1227.097,4765.33068,3369.114,1396.21668,-934.63,1328.89932,
Jul 2002,381542.107,183194.702,83917.269,70420.827,25470.647,890.455,,8507.232,1405.761,1071.146,85.537,1262.246,4818.20094,3440.225,1377.97594,-997.855,1495.93906,
Jun 2002,341023.144,164667.695,65631.018,66371.896,28212.847,1126.315,,6428.519,1367.341,1008.659,95.543,1150.799,4693.08905,3395.49,1297.59905,-863.077,1132.49995,
May 2002,307674.569,151406.401,50275.237,63032.192,26662.695,1077.641,,6664.442,1462.424,909.565,57.64,1215.874,4408.37183,3161.187,1247.18483,-538.788,1040.87417,
Apr 2002,289848.253,142304.595,49146.409,58437.062,24246.605,1024.417,,6534.567,1299.012,889.941,45.858,1114.735,4357.94746,3196.347,1161.60046,-584.772,1031.87654,
Mar 2002,302549.011,151485.651,51214.464,63040.647,21008.813,852.102,,6937.335,1280.041,903.928,44.397,1244.968,4212.56431,2960.789,1251.77531,-684.133,1008.23369,
Feb 2002,281825.712,143048.822,44308.431,61658.274,20191.683,713.932,,4388.474,1275.342,759.66,23.565,1132.195,3930.08226,2843.96,1086.12226,-586.188,981.43974,
Jan 2002,319941.476,164358.018,48412.832,70925.863,21794.932,811.402,,5433.717,1256.654,922.715,11.32,1287.483,4488.79697,3255.322,1233.47497,-750.105,987.84803,
Dec 2001,305496.328,157402.35,47540.861,67430.878,19346.314,615.657,,5484.242,1054.829,769.893,4.036,1190.232,4228.28102,2975.426,1252.85502,-622.574,1051.32898,
Nov 2001,278933.942,144116.998,44490.622,62341.711,15412.929,470.448,,5090.123,840.598,698.537,14.289,1157.17,4070.9283,2879.107,1191.8213,-810.802,1040.3907,
Oct 2001,294733.613,148930.816,56376.441,60460.967,15234.503,606.829,,5573.236,960.697,737.007,20.813,1161.727,4261.10365,3046.466,1214.63765,-615.247,1024.72035,
Sep 2001,306928.866,154158.317,60181.14,63378.451,15256.027,490.229,,6431.968,910.518,767.366,64.803,1139.01,4075.63147,2874.169,1201.46247,-928.405,1003.81053,
Aug 2001,370532.828,183116.073,78409.804,68389.496,18913.768,577.206,,13234.979,994.448,847.69,85.299,1167.238,4463.51124,3178.69,1284.82124,-714.613,1047.92876,
Jul 2001,357613.7,179060.41,73030.142,69166.04,18079.119,634.992,,10050.231,991.796,840.102,91.994,1178.533,4338.96222,3053.179,1285.78322,-870.786,1022.16478,
Jun 2001,327693.978,162615.804,57603.154,68023.098,20727.63,669.634,,10997.408,825.432,733.198,91.143,1087.828,4115.79797,2891.025,1224.77297,-773.65,977.50103,
May 2001,300491.621,151592.914,50934.205,61512.445,19175.635,635.029,,9641.073,748.916,784.555,81.053,1071.38,3950.67393,2739.933,1210.74093,-622.526,986.26807,
Apr 2001,278078.871,140670.654,45842.746,56003.026,18012.994,684.695,,10236.641,626.735,697.843,38.759,1094.991,4008.24619,2821.007,1187.23919,-795.915,957.45581,
Mar 2001,300706.544,155269.011,44364.414,62140.712,20477.189,532.12,,10981.23,751.776,769.181,31.498,1190.023,4041.58028,2852.54,1189.04028,-773.345,931.15472,
Feb 2001,282940.198,149735.484,37966.927,61272.407,17472.889,431.242,,9625.873,715.63,675.659,12.568,1073.044,3793.48155,2697.151,1096.33055,-706.956,871.94945,
Jan 2001,332493.16,177287.111,42388.663,68707.077,18852.048,389.25,,17300.012,811.83,718.442,6.5,1229.325,4399.85915,3191.212,1208.64715,-588.626,991.66885,